common_name,scientific_name,ebird_species_code
Abert's Towhee,Melozone aberti,abetow
Acadian Flycatcher,Empidonax virescens,acafly
Accipiter sp.,Accipiter sp.,accipi
Acorn Woodpecker,Melanerpes formicivorus,acowoo
African Collared-Dove,Streptopelia roseogrisea,afcdov1
African Sacred Ibis,Threskiornis aethiopicus,sacibi2
African Silverbill,Euodice cantans,afrsil1
Akekee,Loxops caeruleirostris,akekee
Akiapolaau,Hemignathus wilsoni,akiapo
Akikiki,Oreomystis bairdi,akikik
Akohekohe,Palmeria dolei,crehon
albatross sp.,Diomedeidae sp.,albatr1
alcid sp.,Alcidae sp.,alcid
Alder Flycatcher,Empidonax alnorum,aldfly
Aleutian Tern,Onychoprion aleuticus,aleter1
Allen's Hummingbird,Selasphorus sasin,allhum
Altamira Oriole,Icterus gularis,altori
Amazona sp.,Amazona sp.,amazon
Amazon Kingfisher,Chloroceryle amazona,amakin1
American Avocet,Recurvirostra americana,ameavo
American Bittern,Botaurus lentiginosus,amebit
American Black Duck,Anas rubripes,ambduc
American Coot,Fulica americana,y00475
American Crow,Corvus brachyrhynchos,amecro
American Dipper,Cinclus mexicanus,amedip
American Flamingo,Phoenicopterus ruber,grefla2
American Golden-Plover,Pluvialis dominica,amgplo
American Goldfinch,Spinus tristis,amegfi
American Kestrel,Falco sparverius,amekes
American Oystercatcher,Haematopus palliatus,ameoys
American Pipit,Anthus rubescens,amepip
American Redstart,Setophaga ruticilla,amered
American Robin,Turdus migratorius,amerob
American Three-toed Woodpecker,Picoides dorsalis,attwoo1
American Tree Sparrow,Spizelloides arborea,amtspa
American White Pelican,Pelecanus erythrorhynchos,amwpel
American Wigeon,Mareca americana,amewig
American Woodcock,Scolopax minor,amewoo
Amethyst-throated Mountain-gem,Lampornis amethystinus,amthum1
Ammospiza sp.,Ammospiza sp.,ammosp1
Anas sp.,Anas sp.,anas1
Ancient Murrelet,Synthliboramphus antiquus,ancmur
Anhinga,Anhinga anhinga,anhing
Anianiau,Magumma parva,aniani
Anna's Hummingbird,Calypte anna,annhum
Anser sp.,Anser sp.,anser1
Antillean Nighthawk,Chordeiles gundlachii,antnig
Antillean Palm-Swift,Tachornis phoenicobia,anpswi
Antrostomus sp.,Antrostomus sp.,antros1
Apapane,Himatione sanguinea,apapan
Aphelocoma sp.,Aphelocoma sp.,scrjay
Aplomado Falcon,Falco femoralis,aplfal
Arctic Loon,Gavia arctica,arcloo
Arctic Tern,Sterna paradisaea,arcter
Arctic Warbler,Phylloscopus borealis,arcwar1
Ardea sp.,Ardea sp.,ardea1
Arizona Woodpecker,Dryobates arizonae,ariwoo
Ash-throated Flycatcher,Myiarchus cinerascens,astfly
Ashy Storm-Petrel,Oceanodroma homochroa,asspet
Asian Brown Flycatcher,Muscicapa dauurica,asbfly
Asian Rosy-Finch,Leucosticte arctoa,asrfin1
Asio sp.,Asio sp.,asio1
Atlantic Puffin,Fratercula arctica,atlpuf
Audubon's Oriole,Icterus graduacauda,audori
Audubon's Shearwater,Puffinus lherminieri,audshe
auklet sp.,Ptychoramphus/Aethia sp.,auklet
Aythya sp.,Aythya sp.,aythya1
Aztec Thrush,Ridgwayia pinicola,aztthr
Azure Gallinule,Porphyrio flavirostris,azugal1
Bachman's Sparrow,Peucaea aestivalis,bacspa
Bahama Mockingbird,Mimus gundlachii,bahmoc
Bahama Swallow,Tachycineta cyaneoviridis,bahswa
Bahama Woodstar,Nesophlox evelynae,bahwoo
Baikal Teal,Sibirionetta formosa,baitea
Baillon's Crake,Zapornia pusilla,baicra1
Baird's Sandpiper,Calidris bairdii,baisan
Baird's Sparrow,Centronyx bairdii,baispa
Bald Eagle,Haliaeetus leucocephalus,baleag
Baltimore Oriole,Icterus galbula,balori
Bananaquit,Coereba flaveola,banana
Band-rumped Storm-Petrel,Oceanodroma castro,barpet
Band-tailed Pigeon,Patagioenas fasciata,batpig1
Bank Swallow,Riparia riparia,banswa
Bare-throated Tiger-Heron,Tigrisoma mexicanum,btther1
Barnacle Goose,Branta leucopsis,bargoo
Barn Owl,Tyto alba,brnowl
Barn Swallow,Hirundo rustica,barswa
Barolo Shearwater,Puffinus baroli,litshe1
Barred Owl,Strix varia,brdowl
Barrow's Goldeneye,Bucephala islandica,bargol
Bar-tailed Godwit,Limosa lapponica,batgod
Bay-breasted Warbler,Setophaga castanea,babwar
Belcher's Gull,Larus belcheri,belgul
Bell's Sparrow,Artemisiospiza belli,belspa2
Bell's Vireo,Vireo bellii,belvir
Belted Kingfisher,Megaceryle alcyon,belkin1
Bendire's Thrasher,Toxostoma bendirei,benthr
Bermuda Petrel,Pterodroma cahow,berpet
Berylline Hummingbird,Amazilia beryllina,berhum
Bewick's Wren,Thryomanes bewickii,bewwre
Bicknell's Thrush,Catharus bicknelli,bicthr
bird sp.,Aves sp.,bird1
black-and-white shearwater sp.,Puffinus sp. (black-and-white shearwater sp.),bawshe1
Black-and-white Warbler,Mniotilta varia,bawwar
Black-backed Oriole,Icterus abeillei,blbori1
Black-backed Woodpecker,Picoides arcticus,bkbwoo
Black-bellied Plover,Pluvialis squatarola,bkbplo
Black-bellied Storm-Petrel,Fregetta tropica,bbspet1
Black-bellied Whistling-Duck,Dendrocygna autumnalis,bbwduc
Black-billed Cuckoo,Coccyzus erythropthalmus,bkbcuc
Black-billed Magpie,Pica hudsonia,bkbmag1
blackbird sp.,Icteridae sp.,blackb
Black-browed Albatross,Thalassarche melanophris,bkbalb
Blackburnian Warbler,Setophaga fusca,bkbwar
Black-capped Chickadee,Poecile atricapillus,bkcchi
Black-capped Gnatcatcher,Polioptila nigriceps,bkcgna
Black-capped Petrel,Pterodroma hasitata,bkcpet
Black-capped Vireo,Vireo atricapilla,bkcvir1
Black-chinned Hummingbird,Archilochus alexandri,bkchum
Black-chinned Sparrow,Spizella atrogularis,bkcspa
Black-crested Titmouse,Baeolophus atricristatus,blctit4
Black-crowned Night-Heron,Nycticorax nycticorax,bcnher
Black-faced Grassquit,Melanospiza bicolor,bkfgra
Black-faced Munia,Lonchura molucca,blfmun1
Black-footed Albatross,Phoebastria nigripes,bkfalb
Black Francolin,Francolinus francolinus,blkfra
Black Guillemot,Cepphus grylle,blkgui
Black-headed Grosbeak,Pheucticus melanocephalus,bkhgro
Black-headed Gull,Chroicocephalus ridibundus,bkhgul
Black-headed Nightingale-Thrush,Catharus mexicanus,bhnthr1
Black Kite,Milvus migrans,blakit1
Black-legged Kittiwake,Rissa tridactyla,bklkit
Black-necked Stilt,Himantopus mexicanus,bknsti
Black-necked Stork,Ephippiorhynchus asiaticus,blnsto1
Black-necked Swan,Cygnus melancoryphus,blnswa2
Black Noddy,Anous minutus,blknod
Black Oystercatcher,Haematopus bachmani,blkoys
Black Phoebe,Sayornis nigricans,blkpho
Blackpoll Warbler,Setophaga striata,bkpwar
Black Rail,Laterallus jamaicensis,blkrai
Black Rosy-Finch,Leucosticte atrata,bkrfin
Black-rumped Waxbill,Estrilda troglodytes,bkrwax
Black Scoter,Melanitta americana,blksco2
Black Skimmer,Rynchops niger,blkski
Black Storm-Petrel,Oceanodroma melania,bkspet
Black Swan,Cygnus atratus,blkswa
Black Swift,Cypseloides niger,blkswi
Black-tailed Gnatcatcher,Polioptila melanura,bktgna
Black-tailed Godwit,Limosa limosa,bktgod
Black-tailed Gull,Larus crassirostris,bktgul
Black Tern,Chlidonias niger,blkter
Black-throated Blue Warbler,Setophaga caerulescens,btbwar
Black-throated Gray Warbler,Setophaga nigrescens,btywar
Black-throated Green Warbler,Setophaga virens,btnwar
Black-throated Magpie-Jay,Calocitta colliei,btmjay
Black-throated Sparrow,Amphispiza bilineata,bktspa
Black Turnstone,Arenaria melanocephala,blktur
Black-vented Oriole,Icterus wagleri,bkvori
Black-vented Shearwater,Puffinus opisthomelas,bkvshe
Black Vulture,Coragyps atratus,blkvul
Black-whiskered Vireo,Vireo altiloquus,bkwvir
Black-winged Petrel,Pterodroma nigripennis,bkwpet
Black-winged Stilt,Himantopus himantopus,bkwsti
Blue-and-white Swallow,Pygochelidon cyanoleuca,bawswa1
Blue-and-yellow Macaw,Ara ararauna,baymac
bluebird sp.,Sialia sp.,bluebi
Blue-breasted Quail,Synoicus chinensis,blbqua1
Blue Bunting,Cyanocompsa parellina,blubun
Blue-crowned Parakeet,Thectocercus acuticaudatus,bucpar
Blue-footed Booby,Sula nebouxii,bfoboo
Blue-gray Gnatcatcher,Polioptila caerulea,buggna
Blue-gray Noddy,Anous ceruleus,bugnod
Blue Grosbeak,Passerina caerulea,blugrb1
Blue-headed Parrot,Pionus menstruus,blhpar1
Blue-headed Vireo,Vireo solitarius,buhvir
Blue Jay,Cyanocitta cristata,blujay
Blue Mockingbird,Melanotis caerulescens,blumoc
Bluethroat,Luscinia svecica,blueth
Blue-throated Mountain-gem,Lampornis clemenciae,buthum
Blue-winged Teal,Spatula discors,buwtea
Blue-winged Warbler,Vermivora cyanoptera,buwwar
Blyth's Reed Warbler,Acrocephalus dumetorum,blrwar1
Boat-tailed Grackle,Quiscalus major,botgra
Bobolink,Dolichonyx oryzivorus,boboli
Bohemian Waxwing,Bombycilla garrulus,bohwax
Bonaparte's Gull,Chroicocephalus philadelphia,bongul
Bonin Petrel,Pterodroma hypoleuca,bonpet
booby sp.,Sula sp.,booby1
Boreal Chickadee,Poecile hudsonicus,borchi2
Boreal Owl,Aegolius funereus,borowl
Botteri's Sparrow,Peucaea botterii,botspa
Brambling,Fringilla montifringilla,brambl
Brandt's Cormorant,Phalacrocorax penicillatus,bracor
Brant,Branta bernicla,brant
Branta sp.,Branta sp.,branta1
Brewer's Blackbird,Euphagus cyanocephalus,brebla
Brewer's Sparrow,Spizella breweri,brespa
Bridled Tern,Onychoprion anaethetus,briter1
Bridled Titmouse,Baeolophus wollweberi,britit
Bristle-thighed Curlew,Numenius tahitiensis,brtcur
Broad-billed Hummingbird,Cynanthus latirostris,brbhum
Broad-billed Sandpiper,Calidris falcinellus,brbsan
Broad-tailed Hummingbird,Selasphorus platycercus,brthum
Broad-winged Hawk,Buteo platypterus,brwhaw
Bronzed Cowbird,Molothrus aeneus,brocow
Bronze Mannikin,Spermestes cucullata,broman1
Brotogeris sp.,Brotogeris sp.,brotog1
Brown-backed Solitaire,Myadestes occidentalis,brbsol1
Brown Booby,Sula leucogaster,brnboo
Brown-capped Rosy-Finch,Leucosticte australis,bcrfin
Brown-chested Martin,Progne tapera,brcmar1
Brown Creeper,Certhia americana,brncre
Brown-crested Flycatcher,Myiarchus tyrannulus,bncfly
Brown-headed Cowbird,Molothrus ater,bnhcow
Brown-headed Nuthatch,Sitta pusilla,bnhnut
Brown Jay,Psilorhinus morio,brnjay
Brown Noddy,Anous stolidus,brnnod
Brown Pelican,Pelecanus occidentalis,brnpel
Brown Shrike,Lanius cristatus,brnshr
Brown Thrasher,Toxostoma rufum,brnthr
Bubo sp.,Bubo sp.,bubo1
Budgerigar,Melopsittacus undulatus,budger
Buff-bellied Hummingbird,Amazilia yucatanensis,bubhum
Buff-breasted Flycatcher,Empidonax fulvifrons,bubfly
Buff-breasted Sandpiper,Calidris subruficollis,bubsan
Buff-collared Nightjar,Antrostomus ridgwayi,bucnig
Bufflehead,Bucephala albeola,buffle
Buller's Shearwater,Ardenna bulleri,bulshe
Bullock's Oriole,Icterus bullockii,bulori
Bulwer's Petrel,Bulweria bulwerii,bulpet
Burrowing Owl,Athene cunicularia,burowl
Burrowing Parakeet,Cyanoliseus patagonus,burpar
Bushtit,Psaltriparus minimus,bushti
Buteo sp.,Buteo sp.,buteo
Cackling Goose,Branta hutchinsii,cacgoo1
Cactus Wren,Campylorhynchus brunneicapillus,cacwre
Calidris sp.,Calidris sp.,calidr1
California Condor,Gymnogyps californianus,calcon
California Gnatcatcher,Polioptila californica,calgna
California Gull,Larus californicus,calgul
California Quail,Callipepla californica,calqua
California Scrub-Jay,Aphelocoma californica,cowscj1
California Thrasher,Toxostoma redivivum,calthr
California Towhee,Melozone crissalis,caltow
Calliope Hummingbird,Selasphorus calliope,calhum
Canada Goose,Branta canadensis,cangoo
Canada Jay,Perisoreus canadensis,gryjay
Canada Warbler,Cardellina canadensis,canwar
Canvasback,Aythya valisineria,canvas
Canyon Towhee,Melozone fusca,cantow
Canyon Wren,Catherpes mexicanus,canwre
Cape May Warbler,Setophaga tigrina,camwar
Cape Verde Shearwater,Calonectris edwardsii,cavshe1
Caprimulgus sp.,Caprimulgus sp.,caprim1
Carolina Chickadee,Poecile carolinensis,carchi
Carolina Wren,Thryothorus ludovicianus,carwre
Caspian Tern,Hydroprogne caspia,caster1
Cassia Crossbill,Loxia sinesciuris,redcro9
Cassin's Auklet,Ptychoramphus aleuticus,casauk
Cassin's Finch,Haemorhous cassinii,casfin
Cassin's Kingbird,Tyrannus vociferans,caskin
Cassin's Sparrow,Peucaea cassinii,casspa
Cassin's Vireo,Vireo cassinii,casvir
Cathartes sp.,Cathartes sp.,cathar1
Catharus sp.,Catharus sp.,cathus
Cattle Egret,Bubulcus ibis,categr
Cave Swallow,Petrochelidon fulva,cavswa
Cedar Waxwing,Bombycilla cedrorum,cedwax
Cerulean Warbler,Setophaga cerulea,cerwar
Chaetura sp.,Chaetura sp.,chaetu
Chatham Albatross,Thalassarche eremita,shyalb2
Chestnut-backed Chickadee,Poecile rufescens,chbchi
Chestnut-bellied Sandgrouse,Pterocles exustus,chbsan
Chestnut-collared Longspur,Calcarius ornatus,chclon
Chestnut-fronted Macaw,Ara severus,chfmac1
Chestnut Munia,Lonchura atricapilla,chemun
Chestnut-sided Warbler,Setophaga pensylvanica,chswar
chickadee sp.,Poecile sp.,chicka1
Chihuahuan Raven,Corvus cryptoleucus,chirav
Chimney Swift,Chaetura pelagica,chiswi
Chinese Egret,Egretta eulophotes,chiegr
Chinese Hwamei,Garrulax canorus,melthr
Chinese Pond-Heron,Ardeola bacchus,chpher1
Chinese Sparrowhawk,Accipiter soloensis,grfhaw1
Chipping Sparrow,Spizella passerina,chispa
Chlidonias sp.,Chlidonias sp.,chlido1
Christmas Shearwater,Puffinus nativitatis,chrshe
Chuck-will's-widow,Antrostomus carolinensis,chwwid
Chukar,Alectoris chukar,chukar
Cinnamon Hummingbird,Amazilia rutila,cinhum1
Cinnamon-rumped Seedeater,Sporophila torqueola,whcsee2
Cinnamon Teal,Spatula cyanoptera,cintea
Citrine Wagtail,Motacilla citreola,citwag
Clapper Rail,Rallus crepitans,clarai11
Clark's Grebe,Aechmophorus clarkii,clagre
Clark's Nutcracker,Nucifraga columbiana,clanut
Clay-colored Sparrow,Spizella pallida,clcspa
Clay-colored Thrush,Turdus grayi,clcrob
Cliff Swallow,Petrochelidon pyrrhonota,cliswa
Coccyzus sp.,Coccyzus sp.,coccyz1
Cockatiel,Nymphicus hollandicus,cockat
Colima Warbler,Leiothlypis crissalis,colwar
Collared Forest-Falcon,Micrastur semitorquatus,coffal1
Collared Plover,Charadrius collaris,colplo1
Columba sp.,Columba sp.,columb1
Common Black Hawk,Buteogallus anthracinus,comblh1
Common Buzzard,Buteo buteo,combuz1
Common Chaffinch,Fringilla coelebs,comcha
Common Chiffchaff,Phylloscopus collybita,comchi1
Common Crane,Grus grus,comcra
Common Cuckoo,Cuculus canorus,comcuc
Common Eider,Somateria mollissima,comeid
Common Gallinule,Gallinula galeata,comgal1
Common Goldeneye,Bucephala clangula,comgol
Common Grackle,Quiscalus quiscula,comgra
Common Greenshank,Tringa nebularia,comgre
Common Ground Dove,Columbina passerina,cogdov
Common Hill Myna,Gracula religiosa,hilmyn
Common House-Martin,Delichon urbicum,cohmar1
Common Loon,Gavia immer,comloo
Common Merganser,Mergus merganser,commer
Common Murre,Uria aalge,commur
Common Myna,Acridotheres tristis,commyn
Common Nighthawk,Chordeiles minor,comnig
Common Pauraque,Nyctidromus albicollis,compau
Common Pochard,Aythya ferina,compoc
Common Poorwill,Phalaenoptilus nuttallii,compoo
Common Raven,Corvus corax,comrav
Common Redpoll,Acanthis flammea,comred
Common Redstart,Phoenicurus phoenicurus,comred2
Common Ringed Plover,Charadrius hiaticula,corplo
Common Rosefinch,Carpodacus erythrinus,comros
Common Sandpiper,Actitis hypoleucos,comsan
Common Scoter,Melanitta nigra,blksco1
Common Shelduck,Tadorna tadorna,comshe
Common Snipe,Gallinago gallinago,comsni
Common Swift,Apus apus,comswi
Common Tern,Sterna hirundo,comter
Common Waxbill,Estrilda astrild,comwax
Common Yellowthroat,Geothlypis trichas,comyel
Connecticut Warbler,Oporornis agilis,conwar
Cookilaria petrel sp.,Pterodroma sp. (Cookilaria sp.),coopet1
Cook's Petrel,Pterodroma cookii,coopet
Cooper's Hawk,Accipiter cooperii,coohaw
coot sp.,Fulica sp.,coot1
Cordilleran Flycatcher,Empidonax occidentalis,corfly
cormorant sp.,Phalacrocoracidae sp.,cormor1
Corn Crake,Crex crex,corcra
Cory's Shearwater,Calonectris diomedea,corshe
Coscoroba Swan,Coscoroba coscoroba,cosswa1
Costa's Hummingbird,Calypte costae,coshum
Couch's Kingbird,Tyrannus couchii,coukin
Crane Hawk,Geranospiza caerulescens,crahaw
crane sp.,Gruidae sp.,crane1
Craveri's Murrelet,Synthliboramphus craveri,cramur
Crescent-chested Warbler,Oreothlypis superciliosa,crcwar
Crested Auklet,Aethia cristatella,creauk
Crested Caracara,Caracara cheriway,crecar1
Crimson-collared Grosbeak,Rhodothraupis celaeno,crcgro
Crimson-fronted Parakeet,Psittacara finschi,crfpar
Crissal Thrasher,Toxostoma crissale,crithr
crossbill sp.,Loxia sp.,crossb
Crowned Slaty Flycatcher,Empidonomus aurantioatrocristatus,croslf1
crow sp.,Corvus sp. (crow sp.),crow
Cuban Grassquit,Phonipara canora,cubgra
Cuban Martin,Progne cryptoleuca,cubmar
Cuban Pewee,Contopus caribaeus,cubpew1
Cuban Vireo,Vireo gundlachii,cubvir1
cuckoo sp. (Cuculidae sp.),Cuculidae sp.,cuckoo3
Cuculus sp.,Cuculus sp.,cuculu1
Curlew Sandpiper,Calidris ferruginea,cursan
curlew sp.,Numenius sp.,curlew1
Curve-billed Thrasher,Toxostoma curvirostre,cubthr
Cypseloides sp.,Cypseloides sp.,cypsel1
dabbling duck sp.,Anatidae sp. (dabbling duck sp.),dabduc1
Dark-billed Cuckoo,Coccyzus melacoryphus,dabcuc1
Dark-eyed Junco,Junco hyemalis,daejun
Dark-sided Flycatcher,Muscicapa sibirica,dasfly
Demoiselle Crane,Anthropoides virgo,demcra1
Diamond Dove,Geopelia cuneata,diadov1
Dickcissel,Spiza americana,dickci
diurnal raptor sp.,Accipitriformes/Falconiformes sp.,diurap1
Domestic goose sp. (Domestic type),Anser sp. (Domestic type),domgoo1
Double-crested Cormorant,Phalacrocorax auritus,doccor
Double-striped Thick-knee,Burhinus bistriatus,dstkne
Double-toothed Kite,Harpagus bidentatus,dotkit1
Dovekie,Alle alle,doveki
Downy Woodpecker,Dryobates pubescens,dowwoo
Dryobates sp.,Dryobates sp.,dryoba1
duck sp.,Anatinae sp.,duck1
Dunlin,Calidris alpina,dunlin
Dusky-capped Flycatcher,Myiarchus tuberculifer,ducfly
Dusky Flycatcher,Empidonax oberholseri,dusfly
Dusky Grouse,Dendragapus obscurus,dusgro
Dusky-headed Parakeet,Aratinga weddellii,duhpar
Dusky Thrush,Turdus eunomus,dusthr2
Dusky Warbler,Phylloscopus fuscatus,duswar
eagle sp.,Accipitridae sp. (eagle sp.),eagle1
Eared Grebe,Podiceps nigricollis,eargre
Eared Quetzal,Euptilotis neoxenus,earque
Eastern Bluebird,Sialia sialis,easblu
Eastern Kingbird,Tyrannus tyrannus,easkin
Eastern Meadowlark,Sturnella magna,easmea
Eastern Phoebe,Sayornis phoebe,easpho
Eastern Screech-Owl,Megascops asio,easowl1
Eastern Spot-billed Duck,Anas zonorhyncha,spbduc
Eastern Towhee,Pipilo erythrophthalmus,eastow
Eastern Whip-poor-will,Antrostomus vociferus,whip-p1
Eastern Wood-Pewee,Contopus virens,eawpew
Eastern Yellow Wagtail,Motacilla tschutschensis,eaywag
Egyptian Goose,Alopochen aegyptiaca,egygoo
eider sp.,Somateria sp.,eider1
elaenia sp. (genus Elaenia),Elaenia sp.,elaeni1
Elegant Quail,Callipepla douglasii,elequa
Elegant Tern,Thalasseus elegans,eleter1
Elegant Trogon,Trogon elegans,eletro
Elf Owl,Micrathene whitneyi,elfowl
Emberiza sp.,Emberiza sp.,emberi1
Emperor Goose,Anser canagicus,empgoo
Empidonax sp.,Empidonax sp.,empido
Erckel's Francolin,Pternistis erckelii,ercfra
estrildid finch sp.,Estrildidae sp.,estfin1
Euplectes sp.,Euplectes sp.,euplec1
Eurasian Bullfinch,Pyrrhula pyrrhula,eurbul
Eurasian Collared-Dove,Streptopelia decaocto,eucdov
Eurasian Coot,Fulica atra,eurcoo
Eurasian Curlew,Numenius arquata,eurcur
Eurasian Dotterel,Charadrius morinellus,eurdot
Eurasian Hobby,Falco subbuteo,eurhob
Eurasian Hoopoe,Upupa epops,hoopoe
Eurasian Jackdaw,Corvus monedula,eurjac
Eurasian Kestrel,Falco tinnunculus,eurkes
Eurasian Marsh-Harrier,Circus aeruginosus,wemhar1
Eurasian Moorhen,Gallinula chloropus,commoo3
Eurasian Oystercatcher,Haematopus ostralegus,euroys1
Eurasian Siskin,Spinus spinus,eursis
Eurasian Skylark,Alauda arvensis,skylar
Eurasian Sparrowhawk,Accipiter nisus,eurspa1
Eurasian Tree Sparrow,Passer montanus,eutspa
Eurasian Wigeon,Mareca penelope,eurwig
Eurasian Wryneck,Jynx torquilla,eurwry
European Golden-Plover,Pluvialis apricaria,eugplo
European Goldfinch,Carduelis carduelis,eurgol
European Greenfinch,Chloris chloris,eurgre1
European Robin,Erithacus rubecula,eurrob1
European Starling,Sturnus vulgaris,eursta
European Storm-Petrel,Hydrobates pelagicus,bripet
European Turtle-Dove,Streptopelia turtur,eutdov
Evening Grosbeak,Coccothraustes vespertinus,evegro
Eyebrowed Thrush,Turdus obscurus,eyethr
Falcated Duck,Mareca falcata,falduc
falcon sp.,Falco sp.,falcon
Fan-tailed Warbler,Basileuterus lachrymosus,fatwar
Far Eastern Curlew,Numenius madagascariensis,faecur
Fea's Petrel,Pterodroma feae,feapet1
Ferruginous Hawk,Buteo regalis,ferhaw
Ferruginous Pygmy-Owl,Glaucidium brasilianum,fepowl
Fieldfare,Turdus pilaris,fieldf
Field Sparrow,Spizella pusilla,fiespa
finch sp.,Fringillidae sp.,finch1
Fischer's Lovebird,Agapornis fischeri,fislov1
Fish Crow,Corvus ossifragus,fiscro
Five-striped Sparrow,Amphispiza quinquestriata,fisspa
Flame-colored Tanager,Piranga bidentata,flctan
flamingo sp.,Phoenicopteridae sp.,flamin1
Flammulated Owl,Psiloscops flammeolus,flaowl
Flesh-footed Shearwater,Ardenna carneipes,flfshe
Florida Scrub-Jay,Aphelocoma coerulescens,flsjay
flycatcher sp. (Tyrannidae sp.),Tyrannidae sp.,flycat1
Fork-tailed Flycatcher,Tyrannus savana,fotfly
Fork-tailed Storm-Petrel,Oceanodroma furcata,ftspet
Forster's Tern,Sterna forsteri,forter
Fox Sparrow,Passerella iliaca,foxspa
francolin sp.,Pternistis/Francolinus/Peliperdix/Scleroptila sp.,franco1
Franklin's Gull,Leucophaeus pipixcan,fragul
frigatebird sp.,Fregata sp.,frigat
Fulvous Whistling-Duck,Dendrocygna bicolor,fuwduc
Gadwall,Mareca strepera,gadwal
Gambel's Quail,Callipepla gambelii,gamqua
Garganey,Spatula querquedula,gargan
Gila Woodpecker,Melanerpes uropygialis,gilwoo
Gilded Flicker,Colaptes chrysoides,gilfli
Glaucidium sp.,Glaucidium sp.,glauci1
Glaucous Gull,Larus hyperboreus,glagul
Glaucous-winged Gull,Larus glaucescens,glwgul
Glossy Ibis,Plegadis falcinellus,gloibi
gnatcatcher sp.,Polioptila sp.,gnatca1
godwit sp.,Limosa sp.,godwit1
Golden-cheeked Warbler,Setophaga chrysoparia,gchwar
Golden-crowned Kinglet,Regulus satrapa,gockin
Golden-crowned Sparrow,Zonotrichia atricapilla,gocspa
Golden-crowned Warbler,Basileuterus culicivorus,gcrwar
Golden Eagle,Aquila chrysaetos,goleag
Golden-fronted Woodpecker,Melanerpes aurifrons,gofwoo
Golden Pheasant,Chrysolophus pictus,golphe
golden-plover sp.,Pluvialis apricaria/dominica/fulva,golplo
Golden-winged Warbler,Vermivora chrysoptera,gowwar
goose sp.,Anser/Branta sp.,goose1
Grace's Warbler,Setophaga graciae,grawar
grackle sp.,Quiscalus sp.,grackl
Grasshopper Sparrow,Ammodramus savannarum,graspa
Gray-backed Tern,Onychoprion lunatus,gybter1
Gray-breasted Martin,Progne chalybea,gybmar
Gray Bunting,Emberiza variabilis,grybun
Gray Catbird,Dumetella carolinensis,grycat
Gray-cheeked Thrush,Catharus minimus,gycthr
Gray-collared Becard,Pachyramphus major,grcbec1
Gray Crowned-Crane,Balearica regulorum,grccra1
Gray-crowned Rosy-Finch,Leucosticte tephrocotis,gcrfin
Gray-crowned Yellowthroat,Geothlypis poliocephala,gycyel
Gray-faced Petrel,Pterodroma gouldi,grwpet2
Gray Flycatcher,Empidonax wrightii,gryfly
Gray Francolin,Francolinus pondicerianus,gryfra
Gray Hawk,Buteo plagiatus,gryhaw2
Gray-headed Chickadee,Poecile cinctus,gyhchi
Gray-headed Swamphen,Porphyrio poliocephalus,purswa3
Gray Heron,Ardea cinerea,graher1
Gray-hooded Gull,Chroicocephalus cirrocephalus,grhgul
Gray Kingbird,Tyrannus dominicensis,grykin
Graylag Goose,Anser anser,gragoo
Gray Nightjar,Caprimulgus jotaka,grynig1
Gray Partridge,Perdix perdix,grypar
Gray Silky-flycatcher,Ptiliogonys cinereus,grsfly1
Gray-streaked Flycatcher,Muscicapa griseisticta,gysfly1
Gray-tailed Tattler,Tringa brevipes,gyttat1
Gray Vireo,Vireo vicinior,gryvir
Gray Wagtail,Motacilla cinerea,grywag
Great Bittern,Botaurus stellaris,grebit1
Great Black-backed Gull,Larus marinus,gbbgul
Great Black Hawk,Buteogallus urubitinga,grbhaw1
Great Blue Heron,Ardea herodias,grbher3
Great Cormorant,Phalacrocorax carbo,grecor
Great Crested Flycatcher,Myiarchus crinitus,grcfly
Great Crested Tern,Thalasseus bergii,grcter1
Great Egret,Ardea alba,greegr
Greater Flamingo,Phoenicopterus roseus,grefla3
Greater Necklaced Laughingthrush,Ianthocincla pectoralis,gnlthr
Greater Pewee,Contopus pertinax,grepew
Greater Prairie-Chicken,Tympanuchus cupido,grpchi
Greater Roadrunner,Geococcyx californianus,greroa
Greater Sage-Grouse,Centrocercus urophasianus,saggro
Greater Sand-Plover,Charadrius leschenaultii,grsplo
Greater Scaup,Aythya marila,gresca
Greater White-fronted Goose,Anser albifrons,gwfgoo
Greater Yellowlegs,Tringa melanoleuca,greyel
Great Frigatebird,Fregata minor,grefri
Great Gray Owl,Strix nebulosa,grgowl
Great Horned Owl,Bubo virginianus,grhowl
Great Kiskadee,Pitangus sulphuratus,grekis
Great Knot,Calidris tenuirostris,grekno
Great Shearwater,Ardenna gravis,greshe
Great Skua,Stercorarius skua,gresku1
Great Spotted Woodpecker,Dendrocopos major,grswoo
Great-tailed Grackle,Quiscalus mexicanus,grtgra
Great Tit,Parus major,gretit1
Great White Pelican,Pelecanus onocrotalus,grwpel1
grebe sp.,Podicipedidae sp.,grebe1
Green-breasted Mango,Anthracothorax prevostii,gnbman
Green Heron,Butorides virescens,grnher
Greenish Elaenia,Myiopagis viridicata,greela
Green Jay,Cyanocorax yncas,grnjay
Green Kingfisher,Chloroceryle americana,grnkin
Green Parakeet,Psittacara holochlorus,grnpar
Green Sandpiper,Tringa ochropus,grnsan
Green-tailed Towhee,Pipilo chlorurus,gnttow
Green-winged Teal,Anas crecca,gnwtea
Groove-billed Ani,Crotophaga sulcirostris,grbani
grouse sp.,Tetraoninae sp.,grouse1
Guadalupe Murrelet,Synthliboramphus hypoleucus,xanmur1
Gull-billed Tern,Gelochelidon nilotica,gubter1
gull sp.,Larinae sp.,larus
Gunnison Sage-Grouse,Centrocercus minimus,gusgro
Gyrfalcon,Falco rusticolus,gyrfal
Haemorhous sp.,Haemorhous sp.,haemor1
Hairy Woodpecker,Dryobates villosus,haiwoo
Hammond's Flycatcher,Empidonax hammondii,hamfly
Harlequin Duck,Histrionicus histrionicus,harduc
harrier sp.,Circus sp.,harrie1
Harris's Hawk,Parabuteo unicinctus,hrshaw
Harris's Sparrow,Zonotrichia querula,harspa
Hawaii Akepa,Loxops coccineus,akepa1
Hawaii Amakihi,Chlorodrepanis virens,hawama
Hawaiian Coot,Fulica alai,hawcoo
Hawaiian Crow,Corvus hawaiiensis,hawcro
Hawaiian Duck,Anas wyvilliana,hawduc
Hawaiian Goose,Branta sandvicensis,hawgoo
Hawaiian Hawk,Buteo solitarius,hawhaw
hawaiian honeycreeper sp.,Drepanidinae sp.,hawhon1
Hawaiian Petrel,Pterodroma sandwichensis,hawpet1
Hawaii Creeper,Loxops mana,hawcre
Hawaii Elepaio,Chasiempis sandwichensis,elepai
Hawfinch,Coccothraustes coccothraustes,hawfin
hawk sp.,Accipitridae sp. (hawk sp.),hawk
Heermann's Gull,Larus heermanni,heegul
Helmeted Guineafowl,Numida meleagris,helgui
Hen Harrier,Circus cyaneus,norhar1
Henslow's Sparrow,Centronyx henslowii,henspa
Hepatic Tanager,Piranga flava,heptan
Herald Petrel,Pterodroma heraldica,herpet2
Hermit Thrush,Catharus guttatus,herthr
Hermit Warbler,Setophaga occidentalis,herwar
heron sp.,Ardeidae sp.,heron1
Herring Gull,Larus argentatus,hergul
Himalayan Snowcock,Tetraogallus himalayensis,himsno
Hoary Redpoll,Acanthis hornemanni,hoared
Hooded Crane,Grus monacha,hoocra1
Hooded Merganser,Lophodytes cucullatus,hoomer
Hooded Oriole,Icterus cucullatus,hooori
Hooded Warbler,Setophaga citrina,hoowar
Hook-billed Kite,Chondrohierax uncinatus,hobkit
Horned Grebe,Podiceps auritus,horgre
Horned Lark,Eremophila alpestris,horlar
Horned Puffin,Fratercula corniculata,horpuf
House Crow,Corvus splendens,houcro1
House Finch,Haemorhous mexicanus,houfin
House Sparrow,Passer domesticus,houspa
House Wren,Troglodytes aedon,houwre
Hudsonian Godwit,Limosa haemastica,hudgod
hummingbird sp.,Trochilidae sp.,hummin
Hutton's Vireo,Vireo huttoni,hutvir
ibis sp.,Threskiornithidae sp. (ibis sp.),ibis1
Iceland Gull,Larus glaucoides,y00478
Iiwi,Drepanis coccinea,iiwi
Inca Dove,Columbina inca,incdov
Indian Peafowl,Pavo cristatus,compea
Indian White-eye,Zosterops palpebrosus,indwhe1
Indigo Bunting,Passerina cyanea,indbun
Intermediate Egret,Ardea intermedia,integr
Island Scrub-Jay,Aphelocoma insularis,issjay
Ivory Gull,Pagophila eburnea,ivogul
Jabiru,Jabiru mycteria,jabiru
Jack Snipe,Lymnocryptes minimus,jacsni
jaeger sp.,Stercorarius sp. (jaeger sp.),jaeger
Japanese Bush Warbler,Horornis diphone,jabwar
Japanese Quail,Coturnix japonica,japqua
Java Sparrow,Lonchura oryzivora,javspa
jay sp.,Corvidae sp. (jay sp.),jay1
Jouanin's Petrel,Bulweria fallax,joupet
Juan Fernandez Petrel,Pterodroma externa,jufpet
Juniper Titmouse,Baeolophus ridgwayi,juntit1
Kalij Pheasant,Lophura leucomelanos,kalphe
Kamchatka Leaf Warbler,Phylloscopus examinandus,arcwar2
Kauai Amakihi,Chlorodrepanis stejnegeri,kauama
Kauai Elepaio,Chasiempis sclateri,elepai5
Kelp Gull,Larus dominicanus,kelgul
Kentucky Warbler,Geothlypis formosa,kenwar
Kermadec Petrel,Pterodroma neglecta,kerpet
Key West Quail-Dove,Geotrygon chrysia,kwqdov
Killdeer,Charadrius vociferus,killde
King Eider,Somateria spectabilis,kineid
kingfisher sp.,Alcedinidae sp.,kingfi1
kinglet sp.,Regulus sp.,kingle
King Rail,Rallus elegans,kinrai4
Kirtland's Warbler,Setophaga kirtlandii,kirwar
Kittlitz's Murrelet,Brachyramphus brevirostris,kitmur
Ladder-backed Woodpecker,Dryobates scalaris,labwoo
Lanceolated Warbler,Locustella lanceolata,lanwar
Lapland Longspur,Calcarius lapponicus,laplon
large albatross sp.,Diomedea sp.,laralb1
large alcid sp.,Uria/Alca sp.,laralc1
Large-billed Tern,Phaetusa simplex,labter1
large falcon sp.,Falco sp. (large falcon sp.),larfal
large parakeet sp. (former Aratinga sp.),Eupsittula/Aratinga/Thectocercus/Psittacara sp.,aratin
large rail sp.,Rallus sp. (large Rallus sp.),larrai1
large shorebird sp.,Scolopacidae sp. (large shorebird sp.),larsho1
large swift sp.,Apodidae sp. (large swift sp.),larswi1
large tern sp.,Hydroprogne/Thalasseus sp.,larter1
Lark Bunting,Calamospiza melanocorys,larbun
Lark Sparrow,Chondestes grammacus,larspa
Larus sp.,Larus sp.,larus1
La Sagra's Flycatcher,Myiarchus sagrae,lasfly
Laughing Gull,Leucophaeus atricilla,laugul
laughingthrush sp.,Garrulax/Ianthocincla/Trochalopteron/Montecincla sp.,laughi1
Lavender Waxbill,Estrilda coerulescens,lavwax
Lawrence's Goldfinch,Spinus lawrencei,lawgol
Laysan Albatross,Phoebastria immutabilis,layalb
Laysan Duck,Anas laysanensis,layduc
Laysan Finch,Telespiza cantans,layfin
Lazuli Bunting,Passerina amoena,lazbun
Leach's Storm-Petrel,Oceanodroma leucorhoa,lcspet
Least Auklet,Aethia pusilla,leaauk
Least Bittern,Ixobrychus exilis,leabit
Least Flycatcher,Empidonax minimus,leafly
Least Grebe,Tachybaptus dominicus,leagre
Least Sandpiper,Calidris minutilla,leasan
Least Storm-Petrel,Oceanodroma microsoma,lsspet
Least Tern,Sternula antillarum,leater1
LeConte's Sparrow,Ammospiza leconteii,lecspa
LeConte's Thrasher,Toxostoma lecontei,lecthr
Leiothlypis sp.,Leiothlypis sp.,vermiv1
Lesser Black-backed Gull,Larus fuscus,lbbgul
Lesser Frigatebird,Fregata ariel,lesfri
Lesser Goldfinch,Spinus psaltria,lesgol
Lesser Nighthawk,Chordeiles acutipennis,lesnig
Lesser Prairie-Chicken,Tympanuchus pallidicinctus,lepchi
Lesser Sand-Plover,Charadrius mongolus,lesplo
Lesser Scaup,Aythya affinis,lessca
Lesser White-fronted Goose,Anser erythropus,lwfgoo
Lesser Whitethroat,Sylvia curruca,leswhi4
Lesser Yellowlegs,Tringa flavipes,lesyel
Lewis's Woodpecker,Melanerpes lewis,lewwoo
Light-mantled Albatross,Phoebetria palpebrata,limalb1
Lilac-crowned Parrot,Amazona finschi,licpar
Limpkin,Aramus guarauna,limpki
Lincoln's Sparrow,Melospiza lincolnii,linspa
Little Blue Heron,Egretta caerulea,libher
Little Bunting,Emberiza pusilla,litbun
Little Curlew,Numenius minutus,litcur
Little Egret,Egretta garzetta,litegr
Little Gull,Hydrocoloeus minutus,litgul
Little Ringed Plover,Charadrius dubius,lirplo
Little Stint,Calidris minuta,litsti
Loggerhead Kingbird,Tyrannus caudifasciatus,logkin
Loggerhead Shrike,Lanius ludovicianus,logshr
Lonchura sp.,Lonchura sp.,lonchu1
Long-billed Curlew,Numenius americanus,lobcur
Long-billed Dowitcher,Limnodromus scolopaceus,lobdow
Long-billed Murrelet,Brachyramphus perdix,lobmur
Long-billed Thrasher,Toxostoma longirostre,lobthr
Long-eared Owl,Asio otus,loeowl
Long-legged Buzzard,Buteo rufinus,lolbuz1
longspur sp.,Calcarius/Rhynchophanes sp.,longsp1
Long-tailed Duck,Clangula hyemalis,lotduc
Long-tailed Jaeger,Stercorarius longicaudus,lotjae
Long-toed Stint,Calidris subminuta,lotsti
loon sp.,Gavia sp.,loon
Louisiana Waterthrush,Parkesia motacilla,louwat
lovebird sp.,Agapornis sp.,lovebi1
Lucifer Hummingbird,Calothorax lucifer,luchum
Lucy's Warbler,Leiothlypis luciae,lucwar
MacGillivray's Warbler,Geothlypis tolmiei,macwar
Magnificent Frigatebird,Fregata magnificens,magfri
Magnolia Warbler,Setophaga magnolia,magwar
Mallard,Anas platyrhynchos,mallar3
Mandarin Duck,Aix galericulata,manduc
Mangrove Cuckoo,Coccyzus minor,mancuc
Mangrove Swallow,Tachycineta albilinea,manswa1
Manx Shearwater,Puffinus puffinus,manshe
Marbled Godwit,Limosa fedoa,margod
Marbled Murrelet,Brachyramphus marmoratus,marmur
Mariana Swiftlet,Aerodramus bartschi,marswi
Marsh Sandpiper,Tringa stagnatilis,marsan
Marsh Wren,Cistothorus palustris,marwre
martin sp. (Progne sp.),Progne sp.,martin1
Masked Booby,Sula dactylatra,masboo
Masked Duck,Nomonyx dominicus,masduc
Masked Tityra,Tityra semifasciata,mastit1
Maui Alauahio,Paroreomyza montana,mauala
Maui Parrotbill,Pseudonestor xanthophrys,maupar
McCown's Longspur,Rhynchophanes mccownii,mcclon
McKay's Bunting,Plectrophenax hyperboreus,mckbun
Mealy Parrot,Amazona farinosa,meapar
Melanerpes sp.,Melanerpes sp.,melane1
merganser sp.,Mergellus/Lophodytes/Mergus sp.,mergan1
Merlin,Falco columbarius,merlin
Mew Gull,Larus canus,mewgul
Mexican Chickadee,Poecile sclateri,mexchi
Mexican Duck,Anas diazi,mexduc
Mexican Jay,Aphelocoma wollweberi,mexjay4
Mexican Violetear,Colibri thalassinus,grnvie1
Mexican Whip-poor-will,Antrostomus arizonae,souwpw1
Middendorff's Grasshopper-Warbler,Locustella ochotensis,migwar
Millerbird,Acrocephalus familiaris,miller
Mimidae sp.,Mimidae sp.,mimida1
Mississippi Kite,Ictinia mississippiensis,miskit
Mitred Parakeet,Psittacara mitratus,mitpar
Monk Parakeet,Myiopsitta monachus,monpar
Montezuma Quail,Cyrtonyx montezumae,monqua
Morelet's Seedeater,Sporophila morelleti,whcsee1
Mottled Duck,Anas fulvigula,motduc
Mottled Owl,Ciccaba virgata,motowl
Mottled Petrel,Pterodroma inexpectata,motpet
Mountain Bluebird,Sialia currucoides,moublu
Mountain Chickadee,Poecile gambeli,mouchi
Mountain Plover,Charadrius montanus,mouplo
Mountain Quail,Oreortyx pictus,mouqua
Mourning Dove,Zenaida macroura,moudov
Mourning Warbler,Geothlypis philadelphia,mouwar
Mugimaki Flycatcher,Ficedula mugimaki,mugfly
Murphy's Petrel,Pterodroma ultima,murpet
murrelet sp.,Brachyramphus/Synthliboramphus sp.,murrel
Muscovy Duck,Cairina moschata,musduc
Mute Swan,Cygnus olor,mutswa
Myiarchus sp.,Myiarchus sp.,myiarc
Myioborus sp.,Myioborus sp.,myiobo1
Nanday Parakeet,Aratinga nenday,bkhpar
Narcissus Flycatcher,Ficedula narcissina,narfly
Nashville Warbler,Leiothlypis ruficapilla,naswar
Naumann's Thrush,Turdus naumanni,dusthr1
Nazca Booby,Sula granti,nazboo1
Nelson's Sparrow,Ammospiza nelsoni,nstspa
Neotropic Cormorant,Phalacrocorax brasilianus,neocor
Newell's Shearwater,Puffinus newelli,towshe2
new world oriole sp.,Icterus sp.,oriole
new world quail sp.,Odontophoridae sp.,quail1
new world vulture sp.,Cathartidae sp.,vultur1
nighthawk sp.,Chordeiles sp.,nighth1
nightjar sp.,Caprimulgidae sp.,nightj1
Nihoa Finch,Telespiza ultima,nihfin
Northern Beardless-Tyrannulet,Camptostoma imberbe,nobtyr
Northern Bobwhite,Colinus virginianus,norbob
Northern Boobook,Ninox japonica,norboo1
Northern Cardinal,Cardinalis cardinalis,norcar
Northern Flicker,Colaptes auratus,norfli
Northern Fulmar,Fulmarus glacialis,norful
Northern Gannet,Morus bassanus,norgan
Northern Goshawk,Accipiter gentilis,norgos
Northern Harrier,Circus hudsonius,norhar2
Northern Hawk Owl,Surnia ulula,nohowl
Northern Jacana,Jacana spinosa,norjac
Northern Lapwing,Vanellus vanellus,norlap
Northern Mockingbird,Mimus polyglottos,normoc
Northern Parula,Setophaga americana,norpar
Northern Pintail,Anas acuta,norpin
Northern Pygmy-Owl,Glaucidium gnoma,nopowl
Northern Red Bishop,Euplectes franciscanus,orabis1
Northern Rough-winged Swallow,Stelgidopteryx serripennis,nrwswa
Northern Saw-whet Owl,Aegolius acadicus,nswowl
Northern Shoveler,Spatula clypeata,norsho
Northern Shrike,Lanius borealis,norshr4
Northern Waterthrush,Parkesia noveboracensis,norwat
Northern Wheatear,Oenanthe oenanthe,norwhe
Northwestern Crow,Corvus caurinus,norcro
nuthatch sp.,Sitta sp.,nuthat1
Nuttall's Woodpecker,Dryobates nuttallii,nutwoo
Nutting's Flycatcher,Myiarchus nuttingi,nutfly
Oahu Amakihi,Chlorodrepanis flava,oahama
Oahu Elepaio,Chasiempis ibidis,elepai4
Oak Titmouse,Baeolophus inornatus,oaktit
Oceanodroma sp.,Oceanodroma sp.,oceano1
Oceanodroma sp. (Band-rumped complex),Oceanodroma sp. (Band-rumped complex),oceano2
old world quail sp.,Synoicus/Coturnix sp.,coturn1
Olive-backed Pipit,Anthus hodgsoni,olbpip
Olive-sided Flycatcher,Contopus cooperi,olsfly
Olive Sparrow,Arremonops rufivirgatus,olispa
Olive Warbler,Peucedramus taeniatus,oliwar
Omao,Myadestes obscurus,omao
Orange-billed Nightingale-Thrush,Catharus aurantiirostris,obnthr1
Orange-cheeked Waxbill,Estrilda melpoda,orcwax
Orange-crowned Warbler,Leiothlypis celata,orcwar
Orange-winged Parrot,Amazona amazonica,orwpar
Orchard Oriole,Icterus spurius,orcori
Oriental Cuckoo,Cuculus optatus,oricuc2
Oriental Greenfinch,Chloris sinica,origre
Oriental Pratincole,Glareola maldivarum,oripra
Oriental Scops-Owl,Otus sunia,orsowl
Oriental Turtle-Dove,Streptopelia orientalis,ortdov
Osprey,Pandion haliaetus,osprey
other,other,
Ovenbird,Seiurus aurocapilla,ovenbi1
owl sp.,Strigiformes sp.,owl1
oystercatcher sp.,Haematopus sp.,oyster1
Pacific Golden-Plover,Pluvialis fulva,pagplo
Pacific Loon,Gavia pacifica,pacloo
Pacific-slope Flycatcher,Empidonax difficilis,pasfly
Pacific Swift,Apus pacificus,fotswi
Pacific Wren,Troglodytes pacificus,pacwre1
Paint-billed Crake,Mustelirallus erythrops,pabcra
Painted Bunting,Passerina ciris,paibun
Painted Redstart,Myioborus pictus,paired
Palila,Loxioides bailleui,palila
Pallas's Bunting,Emberiza pallasi,palbun
Pallas's Grasshopper-Warbler,Locustella certhiola,pagwar1
Pallas's Gull,Ichthyaetus ichthyaetus,gbhgul2
Pallas's Leaf Warbler,Phylloscopus proregulus,palwar5
Pallas's Rosefinch,Carpodacus roseus,palros2
Palm Warbler,Setophaga palmarum,palwar
Parakeet Auklet,Aethia psittacula,parauk
parakeet sp.,Psittaciformes sp. (parakeet sp.),parake
Parasitic Jaeger,Stercorarius parasiticus,parjae
Parid sp.,Paridae sp.,parid1
Parkinson's Petrel,Procellaria parkinsoni,parpet1
parrot sp.,Psittaciformes sp. (parrot sp.),parrot
Passerina sp.,Passerina sp.,buntin
passerine sp.,Passeriformes sp.,passer1
Passer sp.,Passer sp.,passer2
Patagioenas sp.,Patagioenas sp.,patagi1
Pechora Pipit,Anthus gustavi,pecpip
Pectoral Sandpiper,Calidris melanotos,pecsan
peep sp.,Calidris sp. (peep sp.),calidr
Pelagic Cormorant,Phalacrocorax pelagicus,pelcor
pelican sp.,Pelecanus sp.,pelica1
Peregrine Falcon,Falco peregrinus,perfal
Petrochelidon sp.,Petrochelidon sp.,petroc1
Peucaea sp.,Peucaea sp.,peucae1
pewee sp. (Contopus sp.),Contopus sp.,pewee1
Phainopepla,Phainopepla nitens,phaino
phalarope sp.,Phalaropus sp.,phalar
pheasant sp.,Phasianinae sp.,pheasa1
Pheucticus sp.,Pheucticus sp.,pheuct1
Philadelphia Vireo,Vireo philadelphicus,phivir
phoebe sp.,Sayornis sp.,phoebe1
Phylloscopus sp.,Phylloscopus sp.,phyllo1
Pica sp.,Pica sp.,pica1
Pied-billed Grebe,Podilymbus podiceps,pibgre
Pied Wheatear,Oenanthe pleschanka,piewhe1
Pigeon Guillemot,Cepphus columba,piggui
Pileated Woodpecker,Dryocopus pileatus,pilwoo
Pine Bunting,Emberiza leucocephalos,pinbun
Pine Flycatcher,Empidonax affinis,pinfly1
Pine Grosbeak,Pinicola enucleator,pingro
Pine Siskin,Spinus pinus,pinsis
Pine Warbler,Setophaga pinus,pinwar
Pink-backed Pelican,Pelecanus rufescens,pibpel1
Pink-footed Goose,Anser brachyrhynchus,pifgoo
Pink-footed Shearwater,Ardenna creatopus,pifshe
Pin-tailed Snipe,Gallinago stenura,pitsni
Pin-tailed Whydah,Vidua macroura,pitwhy
Pinyon Jay,Gymnorhinus cyanocephalus,pinjay
Piping Plover,Charadrius melodus,pipplo
pipit sp.,Anthus sp.,pipit1
Piratic Flycatcher,Legatus leucophaius,pirfly1
Plain-capped Starthroat,Heliomaster constantii,plcsta
Plain Chachalaca,Ortalis vetula,placha
plover sp.,Charadriidae sp.,plover2
Plumbeous Vireo,Vireo plumbeus,plsvir
Plum-headed Parakeet,Psittacula cyanocephala,plhpar1
Podiceps sp.,Podiceps sp.,podice1
Pomarine Jaeger,Stercorarius pomarinus,pomjae
Prairie Falcon,Falco mexicanus,prafal
Prairie Warbler,Setophaga discolor,prawar
Procellaria sp.,Procellaria sp.,procel1
Procellariid sp.,Procellariidae sp.,procel2
Prothonotary Warbler,Protonotaria citrea,prowar
Providence Petrel,Pterodroma solandri,solpet1
Psittacara sp.,Psittacara sp.,psitta2
Psittacula sp.,Psittacula sp.,psitta1
ptarmigan sp.,Lagopus sp.,ptarmi1
Pterodroma sp.,Pterodroma sp.,pterod
Puaiohi,Myadestes palmeri,puaioh
puffin sp.,Fratercula sp.,puffin1
Purple Finch,Haemorhous purpureus,purfin
Purple Gallinule,Porphyrio martinica,purgal2
Purple Martin,Progne subis,purmar
Purple Sandpiper,Calidris maritima,pursan
Pygmy Nuthatch,Sitta pygmaea,pygnut
Pyrrhuloxia,Cardinalis sinuatus,pyrrhu
quail-dove sp.,Geotrygon/Leptotrygon/Zentrygon sp.,geotry1
Rallus sp.,Rallus sp.,rallus1
raven sp.,Corvus sp. (raven sp.),raven
Razorbill,Alca torda,razorb
Red Avadavat,Amandava amandava,redava
Red-backed Shrike,Lanius collurio,rebshr1
Red-bellied Woodpecker,Melanerpes carolinus,rebwoo
Red-billed Leiothrix,Leiothrix lutea,reblei
Red-billed Pigeon,Patagioenas flavirostris,rebpig1
Red-billed Tropicbird,Phaethon aethereus,rebtro
Red-breasted Goose,Branta ruficollis,rebgoo1
Red-breasted Merganser,Mergus serrator,rebmer
Red-breasted Nuthatch,Sitta canadensis,rebnut
Red-breasted Sapsucker,Sphyrapicus ruber,rebsap
Red-cheeked Cordonbleu,Uraeginthus bengalus,reccor
Red-cockaded Woodpecker,Dryobates borealis,recwoo
Red-crested Cardinal,Paroaria coronata,reccar
Red Crossbill,Loxia curvirostra,redcro
Red-crowned Parrot,Amazona viridigenalis,recpar
Reddish Egret,Egretta rufescens,redegr
Red-eyed Vireo,Vireo olivaceus,reevir1
Red-faced Cormorant,Phalacrocorax urile,refcor
Red-faced Warbler,Cardellina rubrifrons,refwar
Red-flanked Bluetail,Tarsiger cyanurus,refblu
Red-footed Booby,Sula sula,refboo
Red-footed Falcon,Falco vespertinus,reffal1
Redhead,Aythya americana,redhea
Red-headed Woodpecker,Melanerpes erythrocephalus,rehwoo
Red Junglefowl,Gallus gallus,redjun
Red Knot,Calidris canutus,redkno
Red-legged Honeycreeper,Cyanerpes cyaneus,relhon1
Red-legged Kittiwake,Rissa brevirostris,relkit
Red-legged Thrush,Turdus plumbeus,relthr1
Red-lored Parrot,Amazona autumnalis,relpar
Red-masked Parakeet,Psittacara erythrogenys,rempar
Red-naped Sapsucker,Sphyrapicus nuchalis,rensap
Red-necked Grebe,Podiceps grisegena,rengre
Red-necked Phalarope,Phalaropus lobatus,renpha
Red-necked Stint,Calidris ruficollis,rensti
Red Phalarope,Phalaropus fulicarius,redpha1
redpoll sp.,Acanthis sp.,redpol1
Red-shouldered Hawk,Buteo lineatus,reshaw
Red-tailed Hawk,Buteo jamaicensis,rethaw
Red-tailed Tropicbird,Phaethon rubricauda,rettro
Red-throated Loon,Gavia stellata,retloo
Red-throated Pipit,Anthus cervinus,retpip
Red-vented Bulbul,Pycnonotus cafer,revbul
Red-whiskered Bulbul,Pycnonotus jocosus,rewbul
Redwing,Turdus iliacus,redwin
Red-winged Blackbird,Agelaius phoeniceus,rewbla
Reed Bunting,Emberiza schoeniclus,reebun
Rhinoceros Auklet,Cerorhinca monocerata,rhiauk
Ridgway's Rail,Rallus obsoletus,ridrai1
Ring-billed Gull,Larus delawarensis,ribgul
Ringed Kingfisher,Megaceryle torquata,rinkin1
Ringed Storm-Petrel,Oceanodroma hornbyi,rispet1
Ringed Teal,Callonetta leucophrys,rintea1
Ring-necked Duck,Aythya collaris,rinduc
Ring-necked Pheasant,Phasianus colchicus,rinphe
River Warbler,Locustella fluviatilis,eurwar2
Rivoli's Hummingbird,Eugenes fulgens,maghum1
Roadside Hawk,Rupornis magnirostris,roahaw
Rock Pigeon,Columba livia,rocpig
Rock Ptarmigan,Lagopus muta,rocpta1
Rock Sandpiper,Calidris ptilocnemis,rocsan
Rock Wren,Salpinctes obsoletus,rocwre
Roseate Spoonbill,Platalea ajaja,rosspo1
Roseate Tern,Sterna dougallii,roster
Rose-breasted Grosbeak,Pheucticus ludovicianus,robgro
rosefinch sp.,Carpodacus sp.,carpod
Rose-ringed Parakeet,Psittacula krameri,rorpar
Rose-throated Becard,Pachyramphus aglaiae,rotbec
Ross's Goose,Anser rossii,rosgoo
Ross's Gull,Rhodostethia rosea,rosgul
Rosy-billed Pochard,Netta peposaca,robpoc1
Rosy-faced Lovebird,Agapornis roseicollis,peflov
rosy-finch sp.,Leucosticte sp.,rosfin
Rough-legged Hawk,Buteo lagopus,rolhaw
Royal Tern,Thalasseus maximus,royter1
Ruby-crowned Kinglet,Regulus calendula,ruckin
Ruby-throated Hummingbird,Archilochus colubris,rthhum
Ruddy Duck,Oxyura jamaicensis,rudduc
Ruddy Ground Dove,Columbina talpacoti,rugdov
Ruddy Quail-Dove,Geotrygon montana,ruqdov
Ruddy Shelduck,Tadorna ferruginea,rudshe
Ruddy Turnstone,Arenaria interpres,rudtur
Ruff,Calidris pugnax,ruff
Ruffed Grouse,Bonasa umbellus,rufgro
Rufous-backed Robin,Turdus rufopalliatus,rubrob
Rufous-capped Warbler,Basileuterus rufifrons,rucwar
Rufous-crowned Sparrow,Aimophila ruficeps,rucspa
Rufous Hummingbird,Selasphorus rufus,rufhum
Rufous-necked Wood-Rail,Aramides axillaris,rnwrai1
Rufous-tailed Robin,Larvivora sibilans,rutrob1
Rufous-winged Sparrow,Peucaea carpalis,ruwspa
Rustic Bunting,Emberiza rustica,rusbun
Rusty Blackbird,Euphagus carolinus,rusbla
Sabine's Gull,Xema sabini,sabgul
Saffron Finch,Sicalis flaveola,saffin
Sagebrush Sparrow,Artemisiospiza nevadensis,sagspa1
Sage Thrasher,Oreoscoptes montanus,sagthr
Salmon-crested Cockatoo,Cacatua moluccensis,saccoc
Saltmarsh Sparrow,Ammospiza caudacuta,sstspa
Salvin's Albatross,Thalassarche salvini,salalb1
Sanderling,Calidris alba,sander
Sandhill Crane,Antigone canadensis,sancra
Sandwich Tern,Thalasseus sandvicensis,santer1
sapsucker sp.,Sphyrapicus sp.,sapsuc
Savannah Sparrow,Passerculus sandwichensis,savspa
Say's Phoebe,Sayornis saya,saypho
Scaled Quail,Callipepla squamata,scaqua
Scaly-breasted Munia,Lonchura punctulata,nutman
Scaly-headed Parrot,Pionus maximiliani,schpar1
Scaly-naped Pigeon,Patagioenas squamosa,scnpig1
Scarlet-fronted Parakeet,Psittacara wagleri,scfpar1
Scarlet Tanager,Piranga olivacea,scatan
Scissor-tailed Flycatcher,Tyrannus forficatus,sctfly
Scolopacidae sp.,Scolopacidae sp.,scolop1
scoter sp.,Melanitta sp.,scoter
Scott's Oriole,Icterus parisorum,scoori
screech-owl sp.,Megascops sp.,screec1
Scripps's Murrelet,Synthliboramphus scrippsi,xanmur2
Seaside Sparrow,Ammospiza maritima,seaspa
Sedge Warbler,Acrocephalus schoenobaenus,sedwar1
Sedge Wren,Cistothorus platensis,sedwre
Selasphorus sp.,Selasphorus sp.,selasp
Semipalmated Plover,Charadrius semipalmatus,semplo
Semipalmated Sandpiper,Calidris pusilla,semsan
Setophaga sp.,Setophaga sp.,dendro3
Sharp-shinned Hawk,Accipiter striatus,shshaw
Sharp-tailed Grouse,Tympanuchus phasianellus,shtgro
Sharp-tailed Sandpiper,Calidris acuminata,shtsan
shearwater sp.,Procellariidae sp. (shearwater sp.),shearw
Shiny Cowbird,Molothrus bonariensis,shicow
shorebird sp.,Charadriiformes sp.,shoreb1
Short-billed Dowitcher,Limnodromus griseus,shbdow
Short-eared Owl,Asio flammeus,sheowl
Short-tailed Albatross,Phoebastria albatrus,shtalb
Short-tailed Hawk,Buteo brachyurus,shthaw
Short-tailed Shearwater,Ardenna tenuirostris,shtshe
shrike sp.,Lanius sp.,shrike
Siberian Accentor,Prunella montanella,sibacc
Siberian Blue Robin,Larvivora cyane,sibrob
Siberian Rubythroat,Calliope calliope,sibrub
Siberian Stonechat,Saxicola maurus,sibsto1
Sinaloa Wren,Thryophilus sinaloa,sinwre1
skua sp.,Stercorarius sp. (skua sp.),skua
Slate-throated Redstart,Myioborus miniatus,sltred
Slaty-backed Gull,Larus schistisagus,slbgul
small albatross sp.,Thalassarche sp.,smaalb1
Small-billed Elaenia,Elaenia parvirostris,smbela1
small bittern sp.,Ixobrychus sp.,smabit1
small falcon sp.,Falco sp. (small falcon sp.),smafal
small plover sp.,Charadrius sp.,smaplo1
small swift sp.,Apodidae sp. (small swift sp.),smaswi1
Smew,Mergellus albellus,smew
Smith's Longspur,Calcarius pictus,smilon
Smooth-billed Ani,Crotophaga ani,smbani
Snail Kite,Rostrhamus sociabilis,snakit
snipe sp.,Gallinago sp.,snipe2
Snow Bunting,Plectrophenax nivalis,snobun
Snow Goose,Anser caerulescens,snogoo
Snowy Egret,Egretta thula,snoegr
Snowy Owl,Bubo scandiacus,snoowl1
Snowy Plover,Charadrius nivosus,snoplo5
Social Flycatcher,Myiozetetes similis,socfly1
Solitary Sandpiper,Tringa solitaria,solsan
Solitary Snipe,Gallinago solitaria,solsni1
solitary vireo sp.,Vireo cassinii/solitarius/plumbeus,solvir1
Song Sparrow,Melospiza melodia,sonspa
Sooty Grouse,Dendragapus fuliginosus,soogro1
Sooty Shearwater,Ardenna grisea,sooshe
Sooty Tern,Onychoprion fuscatus,sooter1
Sora,Porzana carolina,sora
Southern Lapwing,Vanellus chilensis,soulap1
Southern Martin,Progne elegans,soumar
South Polar Skua,Stercorarius maccormicki,sopsku1
sparrow sp.,Passerellidae sp. (sparrow sp.),sparro1
Spectacled Eider,Somateria fischeri,speeid
Spinus sp.,Spinus sp.,spinus1
Spinus sp. (goldfinch sp.),Spinus sp. (goldfinch sp.),goldfi
Spizella sp.,Spizella sp.,spizel1
Spoon-billed Sandpiper,Calidris pygmaea,spbsan1
Spot-breasted Oriole,Icterus pectoralis,spbori
Spotted Dove,Streptopelia chinensis,spodov
Spotted Flycatcher,Muscicapa striata,spofly1
Spotted Owl,Strix occidentalis,spoowl
Spotted Redshank,Tringa erythropus,spored
Spotted Sandpiper,Actitis macularius,sposan
Spotted Towhee,Pipilo maculatus,spotow
Sprague's Pipit,Anthus spragueii,sprpip
Spruce Grouse,Falcipennis canadensis,sprgro
Stejneger's Petrel,Pterodroma longirostris,stepet
Stejneger's Scoter,Melanitta stejnegeri,whwsco1
Steller's Eider,Polysticta stelleri,steeid
Steller's Jay,Cyanocitta stelleri,stejay
Steller's Sea-Eagle,Haliaeetus pelagicus,stseag
Sterna sp.,Sterna sp.,sterna
Stilt Sandpiper,Calidris himantopus,stisan
stork sp.,Ciconiidae sp.,stork1
storm-petrel sp.,Oceanitidae/Hydrobatidae sp.,stopet
storm-petrel sp. (dark-rumped),Oceanitidae/Hydrobatidae sp. (dark-rumped),storm-1
storm-petrel sp. (white-rumped),Oceanitidae/Hydrobatidae sp. (white-rumped),storm-2
Streak-backed Oriole,Icterus pustulatus,stbori
Streaked Shearwater,Calonectris leucomelas,strshe
Streptopelia sp.,Streptopelia sp.,strept1
Striped Sparrow,Oriturus superciliosus,strspa1
Stygian Owl,Asio stygius,styowl1
sulid sp.,Sulidae sp.,sulid
Sulphur-bellied Flycatcher,Myiodynastes luteiventris,subfly
Sulphur-crested Cockatoo,Cacatua galerita,succoc
Summer Tanager,Piranga rubra,sumtan
Sungrebe,Heliornis fulica,sungre1
Sun Parakeet,Aratinga solstitialis,sunpar1
Surfbird,Calidris virgata,surfbi
Surf Scoter,Melanitta perspicillata,sursco
Swainson's Hawk,Buteo swainsoni,swahaw
Swainson's Thrush,Catharus ustulatus,swathr
Swainson's Warbler,Limnothlypis swainsonii,swawar
swallow sp.,Hirundinidae sp.,swallo
Swallow-tailed Gull,Creagrus furcatus,swtgul1
Swallow-tailed Kite,Elanoides forficatus,swtkit
swamphen sp.,Porphyrio sp. (swamphen sp.),purswa
Swamp Sparrow,Melospiza georgiana,swaspa
swan sp.,Cygnus sp.,swan1
swift sp.,Apodidae sp.,swift1
Swinhoe's Storm-Petrel,Oceanodroma monorhis,swspet
Swinhoe's White-eye,Zosterops simplex,swiwhe1
Tachycineta sp.,Tachycineta sp.,tachyc1
Tahiti Petrel,Pseudobulweria rostrata,tahpet1
Taiga Bean-Goose,Anser fabalis,taibeg1
Taiga Flycatcher,Ficedula albicilla,taifly1
Tamaulipas Crow,Corvus imparatus,tamcro
tanager sp. (Piranga sp.),Piranga sp.,pirang1
tanager sp. (Thraupidae sp.),Thraupidae sp. (tanager sp.),tanage
Tanimbar Corella,Cacatua goffiniana,tancoc1
Tawny-shouldered Blackbird,Agelaius humeralis,tasbla
teal sp.,Anatidae sp. (teal sp.),teal
Temminck's Stint,Calidris temminckii,temsti
Tennessee Warbler,Leiothlypis peregrina,tenwar
Terek Sandpiper,Xenus cinereus,tersan
tern sp.,Sterninae sp.,tern1
Thalasseus sp.,Thalasseus sp.,thalas1
Thick-billed Kingbird,Tyrannus crassirostris,thbkin
Thick-billed Murre,Uria lomvia,thbmur
Thick-billed Parrot,Rhynchopsitta pachyrhyncha,thbpar
Thick-billed Vireo,Vireo crassirostris,thbvir
Thick-billed Warbler,Arundinax aedon,thbwar1
thrush sp.,Turdidae sp.,thrush1
towhee sp.,Melozone/Pipilo sp.,towhee1
Townsend's Solitaire,Myadestes townsendi,towsol
Townsend's Storm-Petrel,Oceanodroma socorroensis,leastp5
Townsend's Warbler,Setophaga townsendi,towwar
Toxostoma sp.,Toxostoma sp.,toxost1
Tree Pipit,Anthus trivialis,trepip
Tree Swallow,Tachycineta bicolor,treswa
Tricolored Blackbird,Agelaius tricolor,tribla
Tricolored Heron,Egretta tricolor,triher
Tricolored Munia,Lonchura malacca,trimun
Trindade Petrel,Pterodroma arminjoniana,tripet1
Tringa sp.,Tringa sp.,tringa1
Tristram's Storm-Petrel,Oceanodroma tristrami,trspet
Tropical Kingbird,Tyrannus melancholicus,trokin
Tropical Mockingbird,Mimus gilvus,tromoc
Tropical Parula,Setophaga pitiayumi,tropar
tropicbird sp.,Phaethon sp.,tropic1
Trumpeter Swan,Cygnus buccinator,truswa
Tufted Duck,Aythya fuligula,tufduc
Tufted Flycatcher,Mitrephanes phaeocercus,tuffly
Tufted Puffin,Fratercula cirrhata,tufpuf
Tufted Titmouse,Baeolophus bicolor,tuftit
Tundra Bean-Goose,Anser serrirostris,tunbeg1
Tundra Swan,Cygnus columbianus,tunswa
Turdus sp.,Turdus sp.,turdus1
Turkey Vulture,Cathartes aura,turvul
Turquoise-fronted Parrot,Amazona aestiva,bufpar
Tyrannus sp.,Tyrannus sp.,tyrann1
unknown,unknown,
Upland Sandpiper,Bartramia longicauda,uplsan
Variable Hawk,Geranoaetus polyosoma,rebhaw2
Varied Bunting,Passerina versicolor,varbun
Varied Thrush,Ixoreus naevius,varthr
Variegated Flycatcher,Empidonomus varius,varfly
Vaux's Swift,Chaetura vauxi,vauswi
Veery,Catharus fuscescens,veery
Verdin,Auriparus flaviceps,verdin
Vermilion Flycatcher,Pyrocephalus rubinus,verfly
Vesper Sparrow,Pooecetes gramineus,vesspa
Violet-crowned Hummingbird,Amazilia violiceps,vichum
Violet-green Swallow,Tachycineta thalassina,vigswa
vireo sp.,Vireo sp.,vireo1
vireo sp. (Red-eyed Vireo complex),Vireo sp. (Red-eyed Vireo complex),vireo2
Virginia Rail,Rallus limicola,virrai
Virginia's Warbler,Leiothlypis virginiae,virwar
wagtail sp.,Motacilla sp.,wagtai1
Wandering Albatross,Diomedea exulans,wanalb
Wandering Tattler,Tringa incana,wantat1
warbler sp. (Parulidae sp.),Parulidae sp.,warble
Warbling Vireo,Vireo gilvus,warvir
Warbling White-eye,Zosterops japonicus,warwhe1
waterfowl sp.,Anatidae sp.,waterf1
waxbill sp.,Estrilda sp.,waxbil1
Wedge-rumped Storm-Petrel,Oceanodroma tethys,wrspet
Wedge-tailed Shearwater,Ardenna pacifica,wetshe
Western Bluebird,Sialia mexicana,wesblu
Western Grebe,Aechmophorus occidentalis,wesgre
Western Gull,Larus occidentalis,wesgul
Western Kingbird,Tyrannus verticalis,weskin
Western Meadowlark,Sturnella neglecta,wesmea
Western Reef-Heron,Egretta gularis,werher
Western Sandpiper,Calidris mauri,wessan
Western Screech-Owl,Megascops kennicottii,wesowl1
Western Spindalis,Spindalis zena,wesspi
Western Tanager,Piranga ludoviciana,westan
Western Wood-Pewee,Contopus sordidulus,wewpew
Western Yellow Wagtail,Motacilla flava,eaywag1
West Indian Whistling-Duck,Dendrocygna arborea,wiwduc1
Whimbrel,Numenius phaeopus,whimbr
Whiskered Auklet,Aethia pygmaea,whiauk
Whiskered Screech-Owl,Megascops trichopsis,whsowl1
Whiskered Tern,Chlidonias hybrida,whiter2
whistling-duck sp.,Dendrocygna sp.,whistl1
White-breasted Nuthatch,Sitta carolinensis,whbnut
White-capped Albatross,Thalassarche cauta,whcalb1
White-cheeked Pintail,Anas bahamensis,whcpin
White-chinned Petrel,Procellaria aequinoctialis,whcpet1
White Cockatoo,Cacatua alba,whicoc1
White-collared Swift,Streptoprocne zonaris,whcswi
White-crested Elaenia,Elaenia albiceps,whcela1
White-crowned Pigeon,Patagioenas leucocephala,whcpig2
White-crowned Sparrow,Zonotrichia leucophrys,whcspa
White-eared Hummingbird,Hylocharis leucotis,whehum
white egret sp.,Ardea/Egretta/Bubulcus sp.,whiegr1
White-eyed Parakeet,Psittacara leucophthalmus,whepar2
White-eyed Vireo,Vireo griseus,whevir
white-eye sp.,Zosteropidae sp.,white-1
White-faced Ibis,Plegadis chihi,whfibi
White-faced Storm-Petrel,Pelagodroma marina,wfspet
White-faced Whistling-Duck,Dendrocygna viduata,wfwduc1
White-fronted Parrot,Amazona albifrons,whfpar1
White-headed Woodpecker,Dryobates albolarvatus,whhwoo
White Ibis,Eudocimus albus,whiibi
White-necked Petrel,Pterodroma cervicalis,whnpet
White-rumped Sandpiper,Calidris fuscicollis,whrsan
White-rumped Shama,Copsychus malabaricus,whrsha
White-tailed Eagle,Haliaeetus albicilla,whteag
White-tailed Hawk,Geranoaetus albicaudatus,whthaw
White-tailed Kite,Elanus leucurus,whtkit
White-tailed Ptarmigan,Lagopus leucura,whtpta1
White-tailed Tropicbird,Phaethon lepturus,whttro
White Tern,Gygis alba,whiter
White-throated Needletail,Hirundapus caudacutus,whtnee
White-throated Sparrow,Zonotrichia albicollis,whtspa
White-throated Swift,Aeronautes saxatalis,whtswi
White-throated Thrush,Turdus assimilis,whtrob1
White-tipped Dove,Leptotila verreauxi,whtdov
White Wagtail,Motacilla alba,whiwag
White-winged Crossbill,Loxia leucoptera,whwcro
White-winged Dove,Zenaida asiatica,whwdov
white-winged gull sp.,Larus sp. (white-winged gull sp.),whwgul1
White-winged Parakeet,Brotogeris versicolurus,whwpar
White-winged Scoter,Melanitta deglandi,whwsco2
White-winged Tern,Chlidonias leucopterus,whwter
Whooper Swan,Cygnus cygnus,whoswa
Whooping Crane,Grus americana,whocra
Wild Turkey,Meleagris gallopavo,wiltur
Willet,Tringa semipalmata,willet1
Williamson's Sapsucker,Sphyrapicus thyroideus,wilsap
Willow Flycatcher,Empidonax traillii,wilfly
Willow Ptarmigan,Lagopus lagopus,wilpta
Willow Warbler,Phylloscopus trochilus,wlwwar
Wilson's Phalarope,Phalaropus tricolor,wilpha
Wilson's Plover,Charadrius wilsonia,wilplo
Wilson's Snipe,Gallinago delicata,wilsni1
Wilson's Storm-Petrel,Oceanites oceanicus,wispet
Wilson's Warbler,Cardellina pusilla,wlswar
Winter Wren,Troglodytes hiemalis,winwre3
Wood Duck,Aix sponsa,wooduc
Woodhouse's Scrub-Jay,Aphelocoma woodhouseii,wooscj2
woodpecker sp.,Picidae sp.,woodpe1
Wood Sandpiper,Tringa glareola,woosan
Wood Stork,Mycteria americana,woosto
Wood Thrush,Hylocichla mustelina,woothr
Wood Warbler,Phylloscopus sibilatrix,woowar
Woolly-necked Stork,Ciconia episcopus,wonsto1
Worm-eating Warbler,Helmitheros vermivorum,woewar1
Worthen's Sparrow,Spizella wortheni,worspa
wren sp.,Troglodytidae sp.,wren1
Wrentit,Chamaea fasciata,wrenti
Xantus's Hummingbird,Hylocharis xantusii,xanhum
Yellow-bellied Flycatcher,Empidonax flaviventris,yebfly
yellow-bellied kingbird sp.,Tyrannus sp. (yellow-bellied),yebkin2
Yellow-bellied Sapsucker,Sphyrapicus varius,yebsap
Yellow-billed Cardinal,Paroaria capitata,yebcar
Yellow-billed Cuckoo,Coccyzus americanus,yebcuc
Yellow-billed Loon,Gavia adamsii,yebloo
Yellow-billed Magpie,Pica nuttalli,yebmag
Yellow-breasted Bunting,Emberiza aureola,yebbun
Yellow-breasted Chat,Icteria virens,yebcha
Yellow-browed Bunting,Emberiza chrysophrys,yebbun1
Yellow-browed Warbler,Phylloscopus inornatus,yebwar3
Yellow-chevroned Parakeet,Brotogeris chiriri,yecpar
Yellow-collared Lovebird,Agapornis personatus,yeclov
Yellow-crowned Night-Heron,Nyctanassa violacea,ycnher
Yellow-crowned Parrot,Amazona ochrocephala,ywcpar
Yellow-eyed Junco,Junco phaeonotus,yeejun
Yellow-faced Grassquit,Tiaris olivaceus,yefgra1
Yellow-footed Gull,Larus livens,yefgul
Yellow-fronted Canary,Crithagra mozambica,yefcan
Yellow-green Vireo,Vireo flavoviridis,yegvir
Yellow Grosbeak,Pheucticus chrysopeplus,yelgro
Yellow-headed Blackbird,Xanthocephalus xanthocephalus,yehbla
Yellow-headed Parrot,Amazona oratrix,yehpar
Yellow-legged Gull,Larus michahellis,yelgul1
Yellow-nosed Albatross,Thalassarche chlororhynchos,yenalb
Yellow Rail,Coturnicops noveboracensis,yelrai
Yellow-rumped Warbler,Setophaga coronata,yerwar
Yellow-throated Bunting,Emberiza elegans,yetbun1
Yellow-throated Vireo,Vireo flavifrons,yetvir
Yellow-throated Warbler,Setophaga dominica,yetwar
yellowthroat sp.,Geothlypis sp. (yellowthroat sp.),yellow7
Yellow Warbler,Setophaga petechia,yelwar
Yucatan Vireo,Vireo magister,yucvir
Zebra Dove,Geopelia striata,zebdov
Zebra Finch,Taeniopygia guttata,zebfin2
Zenaida Dove,Zenaida aurita,zendov
Zino's Petrel,Pterodroma madeira,madpet
Zone-tailed Hawk,Buteo albonotatus,zothaw
Zonotrichia sp.,Zonotrichia sp.,zonotr1
Zosterops sp.,Zosterops sp.,zoster1
